45,130,121,28,109,136,70,123,16,100,134,22,172,43,138,133,30,44
132,26,56,7,86,25,54,6,162,96,98,99,89,66,38,61,63,52
97,34,53,55,64,9,103,49,154,163,83,65,128,27,91,143,80,2
180,69,108,24,76,4,137,78,160,115,58,148,72,171,1,59,101,167
93,40,82,104,124,168,13,139,90,19,153,12,156,20,94,57,75,112
142,165,37,102,14,15,73,144,107,21,87,3,145,140,126,31,152,18
10,42,85,110,62,74,170,95,79,71,84,50,159,39,131,46,88,106
35,60,173,127,141,157,67,146,48,68,174,122,33,5,47,179,32,92
36,177,178,155,166,147,164,29,117,135,8,151,125,11,119,114,118,116
111,17,105,129,161,51,150,169,158,41,81,120,113,176,175,149,23,77
,,,,,,,,,,,,,,,,,
,,,,,,,,,,,,,,,,,
,,,,,,,,,,,,,,,,,
340,235,238,281,193,278,296,231,190,206,330,252,316,343,208,244,292,197
331,239,273,291,336,357,236,205,209,267,346,274,349,253,202,263,217,270
348,269,360,264,347,298,218,251,250,333,356,265,258,211,216,308,299,335
245,201,301,196,215,280,289,222,200,183,317,337,339,279,261,186,203,285
303,304,204,350,194,315,318,323,184,192,243,256,224,306,328,257,326,293
311,290,223,230,246,195,241,277,294,229,355,325,191,276,314,329,300,287
259,344,320,345,254,226,213,187,182,240,327,342,262,319,305,188,242,321
220,324,212,353,219,227,351,272,237,286,207,268,359,189,271,352,249,312
297,185,214,181,248,232,199,266,228,282,309,322,283,334,341,233,310,284
302,234,295,225,275,338,288,221,313,260,332,210,198,358,307,354,255,247
